day	class	host_bucket	filename	drive_file_id	size_bytes	local_path	status
day1	attack	AIA-201-225	AIA-201-225.ecar-2019-12-08T11-05-10.046.json.gz	1pJLxJsDV8sngiedbfVajMetczIgM3PQd	109692169	data/raw/optc-core-v1/day1/attack/AIA-201-225.ecar-2019-12-08T11-05-10.046.json.gz	missing
day1	attack	AIA-201-225	AIA-201-225.ecar-last.json.gz	1HFSyvmgH0jvdnnnTdKfWRjZYOrLWoIkv	2217842713	data/raw/optc-core-v1/day1/attack/AIA-201-225.ecar-last.json.gz	missing
day1	attack	AIA-401-425	AIA-401-425.ecar-2019-12-08T01-29-39.403.json.gz	1O8N3Tc-vN5BTlel9AvJPM5jhug2MjZkL	1406845862	data/raw/optc-core-v1/day1/attack/AIA-401-425.ecar-2019-12-08T01-29-39.403.json.gz	missing
day1	attack	AIA-401-425	AIA-401-425.ecar-last.json.gz	1r4urs7OuKKTO6Y3-DOUMERwNasGEcRUN	639409301	data/raw/optc-core-v1/day1/attack/AIA-401-425.ecar-last.json.gz	missing
day1	attack	AIA-651-675	AIA-651-675.ecar-last.json.gz	13o8h42QM9Gzv84UyRNwlgc9oWicvxExZ	1971958625	data/raw/optc-core-v1/day1/attack/AIA-651-675.ecar-last.json.gz	missing
day2	attack	AIA-1-25	AIA-1-25.ecar-2019-12-07T04-59-48.561.json.gz	1aXNHMtiLJeW6FBQW8dOXOxNxCpNKiiKY	3723960073	data/raw/optc-core-v1/day2/attack/AIA-1-25.ecar-2019-12-07T04-59-48.561.json.gz	missing
day2	attack	AIA-1-25	AIA-1-25.ecar-last.json.gz	1o9pmOxtqvUbx9xRCNX0lXUz6tnf5GO6U	2176757635	data/raw/optc-core-v1/day2/attack/AIA-1-25.ecar-last.json.gz	missing
day2	attack	AIA-501-525	AIA-501-525.ecar-2019-11-17T04-01-58.625.json.gz	1VfyGr8wfSe8LBIHBWuYBlU8c2CyEgO5C	1800808230	data/raw/optc-core-v1/day2/attack/AIA-501-525.ecar-2019-11-17T04-01-58.625.json.gz	missing
day2	attack	AIA-501-525	AIA-501-525.ecar-last.json.gz	1fRQqc68r8-z5BL7H_eAKIDOeHp7okDuM	4012042204	data/raw/optc-core-v1/day2/attack/AIA-501-525.ecar-last.json.gz	missing
day2	attack	AIA-801-825	AIA-801-825.ecar-2019-11-17T03-32-07.566.json.gz	1Tz_DWoBlT3TBcln2421PP95ZZryQed5C	1306161657	data/raw/optc-core-v1/day2/attack/AIA-801-825.ecar-2019-11-17T03-32-07.566.json.gz	missing
day2	attack	AIA-801-825	AIA-801-825.ecar-last.json.gz	11WnBSLjr0BCJHdM7E7K9o7u_Vp7yU3qp	4411200670	data/raw/optc-core-v1/day2/attack/AIA-801-825.ecar-last.json.gz	missing
day2	attack	AIA-951-975	AIA-951-975.ecar-2019-11-17T03-39-14.070.json.gz	1hxDvPNnzF0-8kSj2If4vH_AZqFYGeQiZ	1484290913	data/raw/optc-core-v1/day2/attack/AIA-951-975.ecar-2019-11-17T03-39-14.070.json.gz	missing
day2	attack	AIA-951-975	AIA-951-975.ecar-last.json.gz	1GCOU0IPqQsutrK_XHfw9Ohi-yME2pOzG	4210735847	data/raw/optc-core-v1/day2/attack/AIA-951-975.ecar-last.json.gz	missing
day3	attack	AIA-51-75	AIA-51-75.ecar-last.json.gz	10N9ZPolq_L8HivBqzf_jFKbwjSxddsZp	1444234333	data/raw/optc-day3/attack/AIA-51-75.ecar-last.json.gz	existing
day3	attack	AIA-351-375	AIA-351-375.ecar-last.json.gz	1-yxi3k1Duc5Uuu_gbu1vjtdEU3FoDSIA	1610345177	data/raw/optc-day3/attack/AIA-351-375.ecar-last.json.gz	existing
control	benign	AIA-51-75	AIA-51-75.ecar-2019-12-07T16-15-43.163.json.gz	1WivGGTG0kuzxFLbfnjTZjXDwGpebjQ84	1598825467	data/raw/optc-benign/AIA-51-75.ecar-2019-12-07T16-15-43.163.json.gz	existing
control	benign	AIA-201-225	AIA-201-225.ecar-2019-12-07T19-16-05.788.json.gz	1tMMzyFCCEPS6AJ-apPmBnVAkuSWQO7LA	3385739005	data/raw/optc-core-v1/control/benign/AIA-201-225.ecar-2019-12-07T19-16-05.788.json.gz	missing
control	benign	AIA-351-375	AIA-351-375.ecar-2019-12-07T06-32-30.590.json.gz	1Ayi4Ko-zoOwB-me97FB-_xNbNsunyEzW	1400972392	data/raw/optc-benign/AIA-351-375.ecar-2019-12-07T06-32-30.590.json.gz	existing
control	benign	AIA-401-425	AIA-401-425.ecar-2019-12-07T06-28-53.370.json.gz	1SMgRHEV1GuP3PlIDAB7LPJ9pe7_PfUqD	1337488265	data/raw/optc-core-v1/control/benign/AIA-401-425.ecar-2019-12-07T06-28-53.370.json.gz	missing
control	benign	AIA-501-525	AIA-501-525.ecar-2019-11-15T03-10-00.546.json.gz	1t5tkCupoGWNCnqYuL86lzNjfLRWm0RdD	2294806120	data/raw/optc-core-v1/control/benign/AIA-501-525.ecar-2019-11-15T03-10-00.546.json.gz	missing
control	benign	AIA-651-675	AIA-651-675.ecar-2019-11-15T03-09-38.187.json.gz	1hxuIICqkTqRrQUNBcBliqvIBcOB-Ndy-	2274379184	data/raw/optc-core-v1/control/benign/AIA-651-675.ecar-2019-11-15T03-09-38.187.json.gz	missing
control	benign	AIA-801-825	AIA-801-825.ecar-2019-11-15T03-11-53.636.json.gz	1A9sOo4nZ67we16dPDniKfzMBY1LohxmT	2344590008	data/raw/optc-core-v1/control/benign/AIA-801-825.ecar-2019-11-15T03-11-53.636.json.gz	missing
control	benign	AIA-951-975	AIA-951-975.ecar-2019-11-15T03-11-40.826.json.gz	1XE4WresDIAjTrPLyWeMR0meZuFks63kU	2352748446	data/raw/optc-core-v1/control/benign/AIA-951-975.ecar-2019-11-15T03-11-40.826.json.gz	missing
